model,target,mae,rmse,r2
persistence,target_glucose_30min,16.480552575905453,22.956098128673865,0.8616071492349755
ridge,target_glucose_30min,14.555650165575571,20.671965098540415,0.8877772164655937
random_forest,target_glucose_30min,14.305306681315882,20.586887978981093,0.8886990392522031
xgboost,target_glucose_30min,14.278932123867806,20.63355346170538,0.8881938827917439
persistence,target_glucose_60min,27.474791003092704,36.93086975541457,0.641647773211916
ridge,target_glucose_60min,25.214862232700973,33.59447138005021,0.7034713507170627
random_forest,target_glucose_60min,24.827559665053624,33.73250302509287,0.7010296142015393
xgboost,target_glucose_60min,24.5817673393201,33.437081782233356,0.7062433067909257
