model,target,mae,rmse,r2
persistence,target_glucose_30min,17.204895164939085,24.23329515327934,0.8387310001596858
ridge,target_glucose_30min,15.000845253729398,21.24282545777487,0.8760774018561057
random_forest,target_glucose_30min,14.390766420484562,20.72677623308988,0.8820251411817738
xgboost,target_glucose_30min,14.537480792066,20.84094616797172,0.8807218725836725
persistence,target_glucose_60min,28.92685580560014,39.45794699582809,0.5725426382805614
ridge,target_glucose_60min,26.368245937974304,35.1521831928098,0.6607432974933896
random_forest,target_glucose_60min,25.340277211200757,34.486079096300436,0.6734787347571225
xgboost,target_glucose_60min,25.361231017475315,34.32850820327401,0.6764557450539989
