model,target,n_models,bootstrap_frac,mae,rmse,r2,uncertainty_error_spearman
xgboost_ensemble,target_glucose_30min,10,0.85,14.287386593854773,20.59463761460511,0.8886152282131595,0.22112832815441633
xgboost_ensemble,target_glucose_60min,10,0.85,24.5043697381711,33.3041173516674,0.7085749415405689,0.18402245370713746
