model,target,n_models,bootstrap_frac,mae,rmse,r2,uncertainty_error_spearman
xgboost_ensemble,target_glucose_30min,10,0.85,14.558317935434767,20.877145719509887,0.8803071539248712,0.23387499476209372
xgboost_ensemble,target_glucose_60min,10,0.85,25.375618156819133,34.330171655455615,0.6764243884081871,0.18435162949345452
